id,name,model_id:id,group_id:id,perm_read,perm_write,perm_create,perm_unlink
access_registration_link_user,registration.link.user,model_registration_link,registration_portal.group_registration_admin,1,1,1,1
access_registration_submission_user,registration.submission.user,model_registration_submission,registration_portal.group_registration_admin,1,1,1,1
access_registration_link_public,registration.link.public,model_registration_link,base.group_public,1,0,0,0
access_registration_submission_public,registration.submission.public,model_registration_submission,base.group_public,1,1,1,0
access_registration_field_user,registration.field.user,model_registration_field,registration_portal.group_registration_admin,1,1,1,1
access_registration_submission_value_user,registration.submission.value.user,model_registration_submission_value,registration_portal.group_registration_admin,1,1,1,1
access_registration_field_public,registration.field.public,model_registration_field,base.group_public,1,0,0,0
access_registration_submission_value_public,registration.submission.value.public,model_registration_submission_value,base.group_public,1,1,1,0
access_registration_submission_access_wizard_user,registration.submission.access.wizard.user,model_registration_submission_access_wizard,registration_portal.group_registration_admin,1,1,1,0
